unit_id,scene,issues,generated_es419
"unit:2976","97","EXACT_TEXT_REPEAT","Cuando Jesús entró en el templo, mientras enseñaba se acercaron los principales sacerdotes y los ancianos del pueblo y le preguntaron: «¿Con qué autoridad haces estas cosas? ¿Quién te dio esta autoridad?»"
"unit:2977","97","","Volvieron a Jerusalén. Mientras Jesús caminaba por el templo, se acercaron a él los principales sacerdotes, los escribas y los ancianos."
"unit:2978","97","EXACT_TEXT_REPEAT","Cuando Jesús entró en el templo, mientras enseñaba se acercaron los principales sacerdotes y los ancianos del pueblo y le preguntaron: «¿Con qué autoridad haces estas cosas? ¿Quién te dio esta autoridad?»"
"unit:2979","97","EXACT_TEXT_REPEAT","Cuando Jesús entró en el templo, mientras enseñaba se acercaron los principales sacerdotes y los ancianos del pueblo y le preguntaron: «¿Con qué autoridad haces estas cosas? ¿Quién te dio esta autoridad?»"
"unit:2980","97","","Jesús les respondió: «Yo también les haré una pregunta. Si me responden, yo les diré con qué autoridad hago estas cosas."
"unit:2981","97","EXACT_TEXT_REPEAT","El bautismo de Juan, ¿de dónde venía: del cielo o de los seres humanos?». Ellos razonaban entre sí: «Si decimos: “Del cielo”, nos preguntará: “Entonces, ¿por qué no le creyeron?”"
"unit:2982","97","EXACT_TEXT_REPEAT","El bautismo de Juan, ¿de dónde venía: del cielo o de los seres humanos?». Ellos razonaban entre sí: «Si decimos: “Del cielo”, nos preguntará: “Entonces, ¿por qué no le creyeron?”"
"unit:2983","97","","Pero si decimos: “De los seres humanos”, tememos a la multitud, porque todos consideran a Juan un profeta»."
"unit:2984","97","EXACT_TEXT_REPEAT","Así que respondieron a Jesús: «No sabemos». Él les dijo: «Entonces tampoco yo les digo con qué autoridad hago estas cosas»."
"unit:2985","97","EXACT_TEXT_REPEAT","Así que respondieron a Jesús: «No sabemos». Él les dijo: «Entonces tampoco yo les digo con qué autoridad hago estas cosas»."
"unit:2986","97","EXACT_TEXT_REPEAT","«¿Qué les parece? Un hombre tenía dos hijos. Se acercó al primero y le dijo: “Hijo, ve hoy a trabajar en el viñedo”."
"unit:2987","97","EXACT_TEXT_REPEAT","«¿Qué les parece? Un hombre tenía dos hijos. Se acercó al primero y le dijo: “Hijo, ve hoy a trabajar en el viñedo”."
"unit:2988","97","","Él respondió: “No quiero”, pero después cambió de parecer y fue."
"unit:2989","97","","Luego se acercó al segundo y le dijo lo mismo. Éste respondió: “Sí, señor”, pero no fue."
"unit:2990","97","EXACT_TEXT_REPEAT","¿Cuál de los dos hizo la voluntad del padre?». Ellos dijeron: «El primero». Jesús les dijo: «Les aseguro que los cobradores de impuestos y las prostitutas van delante de ustedes al reino de Dios."
"unit:2991","97","EXACT_TEXT_REPEAT","¿Cuál de los dos hizo la voluntad del padre?». Ellos dijeron: «El primero». Jesús les dijo: «Les aseguro que los cobradores de impuestos y las prostitutas van delante de ustedes al reino de Dios."
"unit:2992","97","","Porque Juan vino a ustedes por camino de justicia y no le creyeron; pero los cobradores de impuestos y las prostitutas le creyeron. Y ustedes, aun después de verlo, no cambiaron de parecer para creerle."
"unit:2993","97","EXACT_TEXT_REPEAT","Escuchen otra parábola: Había un dueño de casa que plantó un viñedo, lo rodeó con una cerca, cavó en él un lagar, construyó una torre, lo arrendó a unos agricultores y se fue de viaje."
"unit:2994","97","EXACT_TEXT_REPEAT","Escuchen otra parábola: Había un dueño de casa que plantó un viñedo, lo rodeó con una cerca, cavó en él un lagar, construyó una torre, lo arrendó a unos agricultores y se fue de viaje."
"unit:2995","97","","Cuando se acercó el tiempo de los frutos, envió a sus siervos a los agricultores para recibir sus frutos."
"unit:2996","97","","Pero ellos tomaron al siervo, lo golpearon y lo enviaron con las manos vacías."
"unit:2997","97","","Volvió a enviarles otro siervo; a éste lo golpearon en la cabeza y lo humillaron."
"unit:2998","97","","Envió a otro, y a éste lo mataron; y a muchos otros, golpeando a unos y matando a otros."
"unit:2999","97","EXACT_TEXT_REPEAT","Volvió a enviar otros siervos, más que los primeros, y les hicieron lo mismo."
"unit:3000","97","EXACT_TEXT_REPEAT","Volvió a enviar otros siervos, más que los primeros, y les hicieron lo mismo."
"unit:3001","97","","Entonces el dueño del viñedo dijo: “¿Qué haré? Enviaré a mi hijo amado; quizá a él lo respeten”."
"unit:3002","97","","Todavía le quedaba uno, un hijo amado. Lo envió al final, pensando: “Respetarán a mi hijo”."
"unit:3003","97","","Pero los agricultores, al ver al hijo, dijeron entre sí: “Éste es el heredero. Vamos, matémoslo y quedémonos con su herencia”."
"unit:3004","97","","Lo tomaron, lo arrojaron fuera del viñedo y lo mataron."
"unit:3005","97","","Entonces, cuando venga el dueño del viñedo, ¿qué hará con esos agricultores?»"
"unit:3006","97","","Ellos le respondieron: «Destruirá de manera terrible a esos malvados y arrendará el viñedo a otros agricultores que le entreguen los frutos a su tiempo»."
"unit:3007","97","","«¿Qué hará el dueño del viñedo? Vendrá, destruirá a esos agricultores y dará el viñedo a otros»."
"unit:3008","97","","«Vendrá, destruirá a esos agricultores y dará el viñedo a otros». Al oírlo dijeron: «¡Que jamás suceda!»"
"unit:3009","97","","Jesús les dijo: «¿Nunca leyeron en las Escrituras: “La piedra que los constructores rechazaron llegó a ser la piedra principal; esto vino del Señor y es maravilloso a nuestros ojos”?"
"unit:3010","97","","Por eso les digo que el reino de Dios les será quitado y será dado a un pueblo que produzca sus frutos."
"unit:3011","97","","El que caiga sobre esta piedra quedará destrozado; y aquel sobre quien ella caiga será aplastado»."
"unit:3012","97","","Al oír sus parábolas, los principales sacerdotes y los fariseos comprendieron que hablaba de ellos."
"unit:3013","97","","Querían arrestarlo, pero temían a las multitudes, porque lo consideraban profeta."
"unit:3014","97","","Jesús volvió a hablarles en parábolas: «El reino de los cielos es semejante a un rey que preparó una fiesta de bodas para su hijo."
"unit:3015","97","","Envió a sus siervos a llamar a los invitados a la boda, pero ellos no quisieron venir."
"unit:3016","97","","Volvió a enviar otros siervos diciendo: “Digan a los invitados: Ya he preparado mi banquete; mis toros y animales engordados han sido sacrificados, y todo está listo. Vengan a la boda”."
"unit:3017","97","","Pero ellos no hicieron caso y se fueron, uno a su campo y otro a su negocio."
"unit:3018","97","","Los demás tomaron a sus siervos, los maltrataron y los mataron."
"unit:3019","97","","El rey se enfureció; envió sus tropas, destruyó a aquellos asesinos e incendió su ciudad."
"unit:3020","97","","Entonces dijo a sus siervos: “La boda está preparada, pero los invitados no eran dignos."
"unit:3021","97","","Vayan, pues, a los cruces de los caminos e inviten a la boda a todos los que encuentren”."
"unit:3022","97","","Los siervos salieron a los caminos y reunieron a todos los que encontraron, malos y buenos; y el salón de bodas se llenó de invitados."
"unit:3023","97","","Cuando el rey entró para ver a los invitados, vio allí a un hombre que no llevaba ropa de boda."
"unit:3024","97","","Y le dijo: “Amigo, ¿cómo entraste aquí sin ropa de boda?”. Él se quedó sin palabras."
"unit:3025","97","","Entonces el rey dijo a los servidores: “Átenlo de pies y manos y arrójenlo afuera, a la oscuridad. Allí habrá llanto y rechinar de dientes”."
"unit:3026","97","","Porque muchos son llamados, pero pocos escogidos»."
"unit:3027","98","","Entonces los fariseos se fueron y planearon cómo atrapar a Jesús en alguna palabra."
"unit:3028","98","EXACT_TEXT_REPEAT","Lo vigilaban y enviaron espías que fingían ser justos, para sorprenderlo en alguna palabra y así entregarlo a la autoridad y al poder del gobernador."
"unit:3029","98","EXACT_TEXT_REPEAT","Le enviaron a sus discípulos junto con los herodianos, diciendo: «Maestro, sabemos que eres veraz y enseñas con verdad el camino de Dios, y que no te dejas influir por nadie, porque no te fijas en la apariencia de las personas."
"unit:3030","98","","Le enviaron algunos fariseos y herodianos para atraparlo en alguna palabra."
"unit:3031","98","EXACT_TEXT_REPEAT","Lo vigilaban y enviaron espías que fingían ser justos, para sorprenderlo en alguna palabra y así entregarlo a la autoridad y al poder del gobernador."
"unit:3032","98","","Llegaron y le dijeron: «Maestro, sabemos que eres veraz y que no te dejas influir por nadie, porque no te fijas en la apariencia de las personas, sino que enseñas con verdad el camino de Dios. ¿Está permitido pagar impuesto al César o no? ¿Pagamos o no pagamos?»"
"unit:3033","98","","Le preguntaron: «Maestro, sabemos que hablas y enseñas correctamente y que no haces distinción de personas, sino que enseñas con verdad el camino de Dios."
"unit:3034","98","EXACT_TEXT_REPEAT","Le enviaron a sus discípulos junto con los herodianos, diciendo: «Maestro, sabemos que eres veraz y enseñas con verdad el camino de Dios, y que no te dejas influir por nadie, porque no te fijas en la apariencia de las personas."
"unit:3035","98","EXACT_TEXT_REPEAT","Le enviaron a sus discípulos junto con los herodianos, diciendo: «Maestro, sabemos que eres veraz y enseñas con verdad el camino de Dios, y que no te dejas influir por nadie, porque no te fijas en la apariencia de las personas."
"unit:3036","98","EXACT_TEXT_REPEAT","Dinos, entonces, qué piensas: ¿está permitido pagar impuesto al César o no?»"
"unit:3037","98","EXACT_TEXT_REPEAT","Dinos, entonces, qué piensas: ¿está permitido pagar impuesto al César o no?»"
"unit:3038","98","EXACT_TEXT_REPEAT","Pero él, conociendo su hipocresía, les dijo: «¿Por qué me ponen a prueba? Tráiganme un denario para verlo»."
"unit:3039","98","EXACT_TEXT_REPEAT","Jesús, conociendo su maldad, dijo: «¿Por qué me ponen a prueba, hipócritas?»"
"unit:3040","98","EXACT_TEXT_REPEAT","Pero él, conociendo su hipocresía, les dijo: «¿Por qué me ponen a prueba? Tráiganme un denario para verlo»."
"unit:3041","98","EXACT_TEXT_REPEAT","Jesús, conociendo su maldad, dijo: «¿Por qué me ponen a prueba, hipócritas?»"
"unit:3042","98","EXACT_TEXT_REPEAT","Jesús, conociendo su maldad, dijo: «¿Por qué me ponen a prueba, hipócritas?»"
"unit:3043","98","EXACT_TEXT_REPEAT","«Muéstrenme la moneda del impuesto». Ellos le trajeron un denario."
"unit:3044","98","EXACT_TEXT_REPEAT","«Muéstrenme la moneda del impuesto». Ellos le trajeron un denario."
"unit:3045","98","","Y les preguntó: «¿De quién son esta imagen y esta inscripción?»"
"unit:3046","98","EXACT_TEXT_REPEAT","Ellos respondieron: «Del César». Entonces les dijo: «Devuelvan al César lo que es del César, y a Dios lo que es de Dios»."
"unit:3047","98","EXACT_TEXT_REPEAT","Ellos respondieron: «Del César». Entonces les dijo: «Devuelvan al César lo que es del César, y a Dios lo que es de Dios»."
"unit:3048","98","","No pudieron atraparlo en ninguna palabra delante del pueblo; asombrados por su respuesta, se quedaron callados."
"unit:3049","98","EXACT_TEXT_REPEAT","Al oírlo, se maravillaron y, dejándolo, se fueron."
"unit:3050","98","EXACT_TEXT_REPEAT","Al oírlo, se maravillaron y, dejándolo, se fueron."
"unit:3051","98","EXACT_TEXT_REPEAT","Aquel mismo día se acercaron a él unos saduceos, que dicen que no hay resurrección, y le preguntaron:"
"unit:3052","98","EXACT_TEXT_REPEAT","Aquel mismo día se acercaron a él unos saduceos, que dicen que no hay resurrección, y le preguntaron:"
"unit:3053","98","","«Maestro, Moisés nos dejó escrito que si el hermano de alguien muere dejando esposa y sin dejar hijos, su hermano debe tomar a la mujer y dar descendencia a su hermano."
"unit:3054","98","EXACT_TEXT_REPEAT","«Maestro, Moisés dijo: Si alguien muere sin tener hijos, su hermano debe casarse con su mujer y dar descendencia a su hermano."
"unit:3055","98","EXACT_TEXT_REPEAT","«Maestro, Moisés dijo: Si alguien muere sin tener hijos, su hermano debe casarse con su mujer y dar descendencia a su hermano."
"unit:3056","98","EXACT_TEXT_REPEAT","Había entre nosotros siete hermanos. El primero se casó y murió; como no tuvo descendencia, dejó su mujer a su hermano."
"unit:3057","98","EXACT_TEXT_REPEAT","Había entre nosotros siete hermanos. El primero se casó y murió; como no tuvo descendencia, dejó su mujer a su hermano."
"unit:3058","98","","El segundo la tomó y murió sin dejar descendencia; y lo mismo el tercero."
"unit:3059","98","","Lo mismo sucedió con el segundo y el tercero, hasta los siete."
"unit:3060","98","","Después de todos murió también la mujer."
"unit:3061","98","","En la resurrección, entonces, ¿de cuál de los siete será esposa? Porque todos la tuvieron»."
"unit:3062","98","EXACT_TEXT_REPEAT","Jesús les respondió: «Están equivocados porque no conocen las Escrituras ni el poder de Dios."
"unit:3063","98","","Jesús les dijo: «Los hijos de este mundo se casan y son dados en matrimonio,"
"unit:3064","98","EXACT_TEXT_REPEAT","Jesús les respondió: «Están equivocados porque no conocen las Escrituras ni el poder de Dios."
"unit:3065","98","","porque cuando resuciten de entre los muertos, ni se casarán ni serán dados en matrimonio, sino que serán como los ángeles en los cielos."
"unit:3066","98","","Porque en la resurrección ni se casan ni son dados en matrimonio, sino que son como los ángeles de Dios en el cielo."
"unit:3067","98","","Y acerca de que los muertos resucitan, ¿no han leído en el libro de Moisés, en el relato de la zarza, cómo Dios le dijo: “Yo soy el Dios de Abraham, el Dios de Isaac y el Dios de Jacob”?"
"unit:3068","98","","Y acerca de la resurrección de los muertos, ¿no han leído lo que Dios les dijo:"
"unit:3069","98","","“Yo soy el Dios de Abraham, el Dios de Isaac y el Dios de Jacob”? Él no es Dios de muertos, sino de vivos»."
"unit:3070","98","","Que los muertos resucitan, incluso Moisés lo mostró en el pasaje de la zarza, cuando llama al Señor “Dios de Abraham, Dios de Isaac y Dios de Jacob”."
"unit:3071","98","","“Yo soy el Dios de Abraham, el Dios de Isaac y el Dios de Jacob”. Él no es Dios de muertos, sino de vivos»."
"unit:3072","98","","«No es Dios de muertos, sino de vivos. Ustedes están muy equivocados»."
"unit:3073","98","","Al oírlo, las multitudes quedaban asombradas de su enseñanza."
"unit:3074","98","","Algunos de los escribas respondieron: «Maestro, hablaste bien»."
"unit:3075","98","","Y ya no se atrevían a preguntarle nada más."
"unit:3076","98","","Cuando los fariseos oyeron que había hecho callar a los saduceos, se reunieron."
"unit:3077","98","","Y uno de ellos, experto en la Ley, le preguntó para ponerlo a prueba: «Maestro, ¿cuál es el gran mandamiento de la Ley?»"
"unit:3078","98","","«Maestro, ¿cuál es el gran mandamiento de la Ley?»"
"unit:3079","98","EXACT_TEXT_REPEAT","Jesús respondió: «El primero es: “Escucha, Israel: el Señor nuestro Dios, el Señor uno es."
"unit:3080","98","EXACT_TEXT_REPEAT","Jesús respondió: «El primero es: “Escucha, Israel: el Señor nuestro Dios, el Señor uno es."
"unit:3081","98","","Amarás al Señor tu Dios con todo tu corazón, con toda tu alma y con toda tu mente”."
"unit:3082","98","","Éste es el grande y primer mandamiento."
"unit:3083","98","","El segundo es semejante: “Amarás a tu prójimo como a ti mismo”."
"unit:3084","98","","De estos dos mandamientos dependen toda la Ley y los Profetas»."
"unit:3085","98","","El escriba le dijo: «Muy bien, Maestro. Dijiste con verdad que él es uno y que no hay otro fuera de él;"
"unit:3086","98","","y amarlo con todo el corazón, con todo el entendimiento y con todas las fuerzas, y amar al prójimo como a uno mismo, vale más que todos los holocaustos y sacrificios»."
"unit:3087","98","EXACT_TEXT_REPEAT","Jesús, viendo que había respondido sabiamente, le dijo: «No estás lejos del reino de Dios». Y ya nadie se atrevía a preguntarle."
"unit:3088","98","EXACT_TEXT_REPEAT","Jesús, viendo que había respondido sabiamente, le dijo: «No estás lejos del reino de Dios». Y ya nadie se atrevía a preguntarle."
"unit:3089","98","","Mientras los fariseos estaban reunidos, Jesús les preguntó:"
"unit:3090","98","EXACT_TEXT_REPEAT","«¿Qué piensan acerca del Cristo? ¿De quién es hijo?». Ellos le respondieron: «De David»."
"unit:3091","98","EXACT_TEXT_REPEAT","«¿Qué piensan acerca del Cristo? ¿De quién es hijo?». Ellos le respondieron: «De David»."
"unit:3092","98","EXACT_TEXT_REPEAT","Él les dijo: «¿Cómo entonces David, por el Espíritu, lo llama Señor cuando dice:"
"unit:3093","98","EXACT_TEXT_REPEAT","Él les dijo: «¿Cómo entonces David, por el Espíritu, lo llama Señor cuando dice:"
"unit:3094","98","","“Dijo el Señor a mi Señor: Siéntate a mi derecha hasta que ponga a tus enemigos debajo de tus pies”?"
"unit:3095","98","","Si David lo llama Señor, ¿cómo es hijo suyo?»"
"unit:3096","98","","«David mismo lo llama Señor; entonces, ¿cómo puede ser su hijo?». Y la gran multitud lo escuchaba con agrado."
"unit:3097","98","","Nadie podía responderle una palabra, y desde aquel día nadie se atrevió a preguntarle nada más."
"unit:3098","99","","Entonces Jesús habló a las multitudes y a sus discípulos,"
"unit:3099","99","EXACT_TEXT_REPEAT","y en su enseñanza decía: «Cuídense de los escribas, que desean caminar con largas vestiduras y recibir saludos en las plazas,"
"unit:3100","99","EXACT_TEXT_REPEAT","y en su enseñanza decía: «Cuídense de los escribas, que desean caminar con largas vestiduras y recibir saludos en las plazas,"
"unit:3101","99","","diciendo: «Los escribas y los fariseos se han sentado en la cátedra de Moisés."
"unit:3102","99","","Por tanto, hagan y guarden todo lo que les digan, pero no hagan conforme a sus obras, porque dicen y no hacen."
"unit:3103","99","","Atan cargas pesadas y las ponen sobre los hombros de las personas, pero ellos no quieren moverlas ni con un dedo."
"unit:3104","99","EXACT_TEXT_REPEAT","Hacen todas sus obras para ser vistos por la gente: ensanchan sus filacterias y alargan los flecos de sus mantos."
"unit:3105","99","EXACT_TEXT_REPEAT","Hacen todas sus obras para ser vistos por la gente: ensanchan sus filacterias y alargan los flecos de sus mantos."
"unit:3106","99","EXACT_TEXT_REPEAT","Cuídense de los escribas, que desean caminar con largas vestiduras y recibir saludos en las plazas,"
"unit:3107","99","EXACT_TEXT_REPEAT","Cuídense de los escribas, que desean caminar con largas vestiduras y recibir saludos en las plazas,"
"unit:3108","99","","y aman los primeros lugares en los banquetes y los asientos principales en las sinagogas,"
"unit:3109","99","","los saludos en las plazas y que la gente los llame “Rabí”."
"unit:3110","99","","Pero ustedes no se hagan llamar “Rabí”, porque uno solo es su Maestro y todos ustedes son hermanos."
"unit:3111","99","","Y no llamen “padre” suyo a nadie en la tierra, porque uno solo es su Padre: el celestial."
"unit:3112","99","","Tampoco se hagan llamar guías, porque uno solo es su Guía: el Cristo."
"unit:3113","99","","El mayor entre ustedes será servidor de ustedes."
"unit:3114","99","","El que se enaltece será humillado, y el que se humilla será enaltecido."
"unit:3115","99","","¡Ay de ustedes, escribas y fariseos hipócritas! Cierran el reino de los cielos delante de la gente; ustedes no entran ni dejan entrar a los que intentan hacerlo."
"unit:3116","99","","Devoran las casas de las viudas y, como pretexto, hacen largas oraciones. Ellos recibirán una condena mayor."
"unit:3117","99","","¡Ay de ustedes, escribas y fariseos hipócritas! Devoran las casas de las viudas y, como pretexto, hacen largas oraciones; por eso recibirán una condena mayor."
"unit:3118","99","","¡Ay de ustedes, escribas y fariseos hipócritas! Recorren mar y tierra para hacer un solo prosélito, y cuando lo logran lo hacen dos veces más hijo de la Gehena que ustedes."
"unit:3119","99","","¡Ay de ustedes, guías ciegos, que dicen: “Si alguien jura por el templo, no significa nada; pero si jura por el oro del templo, queda obligado”!"
"unit:3120","99","","¡Insensatos y ciegos! ¿Qué es mayor: el oro o el templo que santifica el oro?"
"unit:3121","99","","También dicen: “Si alguien jura por el altar, no significa nada; pero si jura por la ofrenda que está sobre él, queda obligado”."
"unit:3122","99","","¡Ciegos! ¿Qué es mayor: la ofrenda o el altar que santifica la ofrenda?"
"unit:3123","99","","Por tanto, el que jura por el altar jura por él y por todo lo que está sobre él."
"unit:3124","99","","Y el que jura por el templo jura por él y por aquel que habita en él."
"unit:3125","99","","Y el que jura por el cielo jura por el trono de Dios y por aquel que está sentado en él."
"unit:3126","99","","¡Ay de ustedes, escribas y fariseos hipócritas! Dan el diezmo de la menta, el eneldo y el comino, pero han descuidado lo más importante de la Ley: la justicia, la misericordia y la fidelidad. Era necesario practicar esto sin descuidar aquello."
"unit:3127","99","","¡Guías ciegos, que cuelan el mosquito y se tragan el camello!"
"unit:3128","99","","¡Ay de ustedes, escribas y fariseos hipócritas! Limpian por fuera la copa y el plato, pero por dentro están llenos de robo y desenfreno."
"unit:3129","99","","Fariseo ciego, limpia primero el interior de la copa y del plato, para que también su exterior quede limpio."
"unit:3130","99","","¡Ay de ustedes, escribas y fariseos hipócritas! Se parecen a sepulcros blanqueados, que por fuera parecen hermosos, pero por dentro están llenos de huesos de muertos y de toda impureza."
"unit:3131","99","","Así también ustedes: por fuera parecen justos ante la gente, pero por dentro están llenos de hipocresía y maldad."
"unit:3132","99","","¡Ay de ustedes, escribas y fariseos hipócritas! Construyen las tumbas de los profetas y adornan los sepulcros de los justos,"
"unit:3133","99","","y dicen: “Si hubiéramos vivido en los días de nuestros antepasados, no habríamos participado con ellos en derramar la sangre de los profetas”."
"unit:3134","99","","Así dan testimonio contra ustedes mismos de que son hijos de los que mataron a los profetas."
"unit:3135","99","","Completen, pues, la medida de sus antepasados."
"unit:3136","99","","¡Serpientes, cría de víboras! ¿Cómo escaparán de la condena de la Gehena?"
"unit:3137","99","","Por eso, miren, yo les envío profetas, sabios y escribas. A algunos de ellos los matarán y crucificarán; a otros los azotarán en sus sinagogas y los perseguirán de ciudad en ciudad,"
"unit:3138","99","","para que recaiga sobre ustedes toda la sangre justa derramada sobre la tierra, desde la sangre de Abel el justo hasta la sangre de Zacarías, hijo de Baraquías, a quien ustedes mataron entre el templo y el altar."
"unit:3139","99","","Les aseguro que todas estas cosas vendrán sobre esta generación."
"unit:3140","99","","Jerusalén, Jerusalén, que matas a los profetas y apedreas a los que te son enviados. ¡Cuántas veces quise reunir a tus hijos como la gallina reúne a sus polluelos debajo de sus alas, y no quisieron!"
"unit:3141","99","","Miren, su casa queda abandonada."
"unit:3142","99","","Porque les digo que desde ahora no me verán hasta que digan: “Bendito el que viene en el nombre del Señor”»."
"unit:3143","100","EXACT_TEXT_REPEAT","Jesús se sentó frente al lugar de las ofrendas y observaba cómo la multitud echaba monedas. Muchos ricos echaban grandes cantidades."
"unit:3144","100","EXACT_TEXT_REPEAT","Al levantar la mirada, vio a los ricos echando sus ofrendas en el lugar de las contribuciones."
"unit:3145","100","EXACT_TEXT_REPEAT","Jesús se sentó frente al lugar de las ofrendas y observaba cómo la multitud echaba monedas. Muchos ricos echaban grandes cantidades."
"unit:3146","100","EXACT_TEXT_REPEAT","Al levantar la mirada, vio a los ricos echando sus ofrendas en el lugar de las contribuciones."
"unit:3147","100","EXACT_TEXT_REPEAT","Jesús se sentó frente al lugar de las ofrendas y observaba cómo la multitud echaba monedas. Muchos ricos echaban grandes cantidades."
"unit:3148","100","","También vio a una viuda muy pobre que echaba allí dos pequeñas monedas."
"unit:3149","100","EXACT_TEXT_REPEAT","Llegó una viuda pobre y echó dos pequeñas monedas, que equivalen a un cuadrante."
"unit:3150","100","EXACT_TEXT_REPEAT","Llegó una viuda pobre y echó dos pequeñas monedas, que equivalen a un cuadrante."
"unit:3151","100","EXACT_TEXT_REPEAT","Llegó una viuda pobre y echó dos pequeñas monedas, que equivalen a un cuadrante."
"unit:3152","100","EXACT_TEXT_REPEAT","Entonces llamó a sus discípulos y les dijo: «Les aseguro que esta viuda pobre echó más que todos los que aportaron al lugar de las ofrendas."
"unit:3153","100","EXACT_TEXT_REPEAT","Y dijo: «Les aseguro que esta viuda pobre echó más que todos."
"unit:3154","100","EXACT_TEXT_REPEAT","Entonces llamó a sus discípulos y les dijo: «Les aseguro que esta viuda pobre echó más que todos los que aportaron al lugar de las ofrendas."
"unit:3155","100","EXACT_TEXT_REPEAT","Y dijo: «Les aseguro que esta viuda pobre echó más que todos."
"unit:3156","100","EXACT_TEXT_REPEAT","Entonces llamó a sus discípulos y les dijo: «Les aseguro que esta viuda pobre echó más que todos los que aportaron al lugar de las ofrendas."
"unit:3157","100","EXACT_TEXT_REPEAT","Porque todos ellos dieron de lo que les sobraba, pero ella, desde su pobreza, dio todo lo que tenía para vivir»."
"unit:3158","100","EXACT_TEXT_REPEAT","Porque todos dieron de lo que les sobraba; pero ella, desde su pobreza, dio todo lo que tenía, todo su sustento»."
"unit:3159","100","EXACT_TEXT_REPEAT","Porque todos ellos dieron de lo que les sobraba, pero ella, desde su pobreza, dio todo lo que tenía para vivir»."
"unit:3160","100","EXACT_TEXT_REPEAT","Porque todos dieron de lo que les sobraba; pero ella, desde su pobreza, dio todo lo que tenía, todo su sustento»."
"unit:3161","100","EXACT_TEXT_REPEAT","Porque todos dieron de lo que les sobraba; pero ella, desde su pobreza, dio todo lo que tenía, todo su sustento»."
"unit:3162","100","EXACT_TEXT_REPEAT","Porque todos dieron de lo que les sobraba; pero ella, desde su pobreza, dio todo lo que tenía, todo su sustento»."
"unit:3163","100","EXACT_TEXT_REPEAT","Porque todos dieron de lo que les sobraba; pero ella, desde su pobreza, dio todo lo que tenía, todo su sustento»."
"unit:3164","101","","Jesús salió del templo y se iba; entonces sus discípulos se acercaron para mostrarle los edificios del templo."
"unit:3165","101","","Algunos hablaban del templo, de cómo estaba adornado con hermosas piedras y ofrendas. Entonces Jesús dijo:"
"unit:3166","101","","Cuando salía del templo, uno de sus discípulos le dijo: «Maestro, mira qué piedras y qué edificios»."
"unit:3167","101","EXACT_TEXT_REPEAT","Él les respondió: «¿Ven todo esto? Les aseguro que aquí no quedará piedra sobre piedra que no sea derribada»."
"unit:3168","101","EXACT_TEXT_REPEAT","Él les respondió: «¿Ven todo esto? Les aseguro que aquí no quedará piedra sobre piedra que no sea derribada»."
"unit:3169","101","EXACT_TEXT_REPEAT","Cuando estaba sentado en el monte de los Olivos, frente al templo, Pedro, Santiago, Juan y Andrés le preguntaron en privado:"
"unit:3170","101","EXACT_TEXT_REPEAT","Cuando estaba sentado en el monte de los Olivos, frente al templo, Pedro, Santiago, Juan y Andrés le preguntaron en privado:"
"unit:3171","101","EXACT_TEXT_REPEAT","Estando él sentado en el monte de los Olivos, los discípulos se acercaron en privado y le dijeron: «Dinos, ¿cuándo sucederán estas cosas y cuál será la señal de tu venida y del fin de la era?»"
"unit:3172","101","","Le preguntaron: «Maestro, ¿cuándo sucederán estas cosas y cuál será la señal de que están por ocurrir?»"
"unit:3173","101","EXACT_TEXT_REPEAT","Estando él sentado en el monte de los Olivos, los discípulos se acercaron en privado y le dijeron: «Dinos, ¿cuándo sucederán estas cosas y cuál será la señal de tu venida y del fin de la era?»"
"unit:3174","101","","«Dinos, ¿cuándo sucederán estas cosas y cuál será la señal cuando todo esto esté por cumplirse?»"
"unit:3175","101","","Jesús les respondió: «Cuídense de que nadie los engañe."
"unit:3176","101","EXACT_TEXT_REPEAT","Porque muchos vendrán en mi nombre diciendo: “Yo soy el Cristo”, y engañarán a muchos."
"unit:3177","101","EXACT_TEXT_REPEAT","Él dijo: «Cuídense de no ser engañados, porque muchos vendrán en mi nombre diciendo: “Yo soy” y “El tiempo está cerca”. No los sigan."
"unit:3178","101","EXACT_TEXT_REPEAT","Porque muchos vendrán en mi nombre diciendo: “Yo soy el Cristo”, y engañarán a muchos."
"unit:3179","101","EXACT_TEXT_REPEAT","Él dijo: «Cuídense de no ser engañados, porque muchos vendrán en mi nombre diciendo: “Yo soy” y “El tiempo está cerca”. No los sigan."
"unit:3180","101","EXACT_TEXT_REPEAT","Oirán de guerras y rumores de guerras. No se alarmen; es necesario que sucedan, pero todavía no es el fin."
"unit:3181","101","EXACT_TEXT_REPEAT","Oirán de guerras y rumores de guerras. No se alarmen; es necesario que sucedan, pero todavía no es el fin."
"unit:3182","101","","Entonces les dijo: «Se levantará nación contra nación y reino contra reino."
"unit:3183","101","EXACT_TEXT_REPEAT","Porque se levantará nación contra nación y reino contra reino, y habrá hambres y terremotos en diversos lugares."
"unit:3184","101","EXACT_TEXT_REPEAT","Porque se levantará nación contra nación y reino contra reino, y habrá hambres y terremotos en diversos lugares."
"unit:3185","101","","Habrá grandes terremotos y, en diversos lugares, hambres y epidemias; habrá también hechos aterradores y grandes señales del cielo."
"unit:3186","101","","Pero todo esto será apenas el comienzo de los dolores."
"unit:3187","101","","Antes de todo esto, pondrán sus manos sobre ustedes y los perseguirán; los entregarán a sinagogas y cárceles y los llevarán ante reyes y gobernadores por causa de mi nombre."
"unit:3188","101","EXACT_TEXT_REPEAT","Pero cuídense: los entregarán a tribunales, serán golpeados en las sinagogas y comparecerán ante gobernadores y reyes por causa de mí, para darles testimonio."
"unit:3189","101","EXACT_TEXT_REPEAT","Pero cuídense: los entregarán a tribunales, serán golpeados en las sinagogas y comparecerán ante gobernadores y reyes por causa de mí, para darles testimonio."
"unit:3190","101","EXACT_TEXT_REPEAT","Pero cuídense: los entregarán a tribunales, serán golpeados en las sinagogas y comparecerán ante gobernadores y reyes por causa de mí, para darles testimonio."
"unit:3191","101","EXACT_TEXT_REPEAT","Entonces los entregarán a la aflicción y los matarán, y serán odiados por todas las naciones por causa de mi nombre."
"unit:3192","101","EXACT_TEXT_REPEAT","Pero cuídense: los entregarán a tribunales, serán golpeados en las sinagogas y comparecerán ante gobernadores y reyes por causa de mí, para darles testimonio."
"unit:3193","101","EXACT_TEXT_REPEAT","Y este evangelio del reino será proclamado en todo el mundo habitado, como testimonio a todas las naciones; entonces vendrá el fin."
"unit:3194","101","EXACT_TEXT_REPEAT","Y este evangelio del reino será proclamado en todo el mundo habitado, como testimonio a todas las naciones; entonces vendrá el fin."
"unit:3195","101","","Primero es necesario que el evangelio sea proclamado a todas las naciones."
"unit:3196","101","","Decidan, por tanto, no preparar de antemano su defensa,"
"unit:3197","101","EXACT_TEXT_REPEAT","porque cuando los lleven para entregarlos, no se preocupen de antemano por lo que dirán; hablen lo que se les dé en aquella hora, porque no serán ustedes los que hablen, sino el Espíritu Santo."
"unit:3198","101","","porque yo les daré palabras y sabiduría a las que ninguno de sus adversarios podrá resistir ni contradecir."
"unit:3199","101","EXACT_TEXT_REPEAT","porque cuando los lleven para entregarlos, no se preocupen de antemano por lo que dirán; hablen lo que se les dé en aquella hora, porque no serán ustedes los que hablen, sino el Espíritu Santo."
"unit:3200","101","EXACT_TEXT_REPEAT","Serán entregados incluso por padres, hermanos, parientes y amigos, y matarán a algunos de ustedes."
"unit:3201","101","","El hermano entregará a su hermano a la muerte, y el padre a su hijo; los hijos se levantarán contra sus padres y los harán morir."
"unit:3202","101","EXACT_TEXT_REPEAT","Serán entregados incluso por padres, hermanos, parientes y amigos, y matarán a algunos de ustedes."
"unit:3203","101","EXACT_TEXT_REPEAT","Entonces los entregarán a la aflicción y los matarán, y serán odiados por todas las naciones por causa de mi nombre."
"unit:3204","101","","Entonces muchos tropezarán, se entregarán unos a otros y se odiarán unos a otros."
"unit:3205","101","EXACT_TEXT_REPEAT","Entonces los entregarán a la aflicción y los matarán, y serán odiados por todas las naciones por causa de mi nombre."
"unit:3206","101","","Pero ni un cabello de su cabeza perecerá."
"unit:3207","101","","Con su perseverancia ganarán sus vidas."
"unit:3208","101","","Y surgirán muchos falsos profetas y engañarán a muchos."
"unit:3209","101","","Y por aumentar la maldad, el amor de muchos se enfriará."
"unit:3210","101","","Pero el que persevere hasta el fin será salvo."
"unit:3211","101","","Cuando vean a Jerusalén rodeada de ejércitos, sepan entonces que su devastación se ha acercado."
"unit:3212","101","EXACT_TEXT_REPEAT","Por tanto, cuando vean la abominación devastadora anunciada por medio del profeta Daniel, de pie en el lugar santo —el que lee, que entienda—,"
"unit:3213","101","EXACT_TEXT_REPEAT","Por tanto, cuando vean la abominación devastadora anunciada por medio del profeta Daniel, de pie en el lugar santo —el que lee, que entienda—,"
"unit:3214","101","","entonces los que estén en Judea huyan a las montañas."
"unit:3215","101","","Entonces los que estén en Judea huyan a las montañas; los que estén dentro de Jerusalén salgan de ella, y los que estén en el campo no entren en ella."
"unit:3216","101","","El que esté en la azotea no baje para sacar cosas de su casa,"
"unit:3217","101","","y el que esté en el campo no vuelva atrás para recoger su manto."
"unit:3218","101","","Porque éstos son días de retribución, para que se cumpla todo lo que está escrito."
"unit:3219","101","","¡Ay de las embarazadas y de las que estén amamantando en aquellos días!"
"unit:3220","101","","¡Ay de las embarazadas y de las que estén amamantando en aquellos días! Porque habrá gran angustia sobre la tierra e ira contra este pueblo."
"unit:3221","101","","Oren para que su huida no ocurra en invierno ni en sábado."
"unit:3222","101","","Porque entonces habrá una gran aflicción como no la ha habido desde el principio del mundo hasta ahora ni la habrá jamás."
"unit:3223","101","","Caerán a filo de espada y serán llevados cautivos a todas las naciones; Jerusalén será pisoteada por las naciones hasta que se cumplan los tiempos de las naciones."
"unit:3224","101","","Si aquellos días no fueran acortados, nadie se salvaría; pero por causa de los escogidos aquellos días serán acortados."
"unit:3225","101","","Entonces, si alguien les dice: “Miren, aquí está el Cristo”, o: “Allí está”, no lo crean."
"unit:3226","101","","Porque surgirán falsos cristos y falsos profetas, y harán grandes señales y prodigios, hasta el punto de engañar, si fuera posible, incluso a los escogidos."
"unit:3227","101","","Miren, se los he dicho de antemano."
"unit:3228","101","","Así que, si les dicen: “Miren, está en el desierto”, no salgan; o: “Miren, está en las habitaciones interiores”, no lo crean."
"unit:3229","101","","Porque así como el relámpago sale del oriente y se ve hasta el occidente, así será la venida del Hijo del Hombre."
"unit:3230","101","","Donde esté el cadáver, allí se reunirán las aves de rapiña."
"unit:3231","101","EXACT_TEXT_REPEAT","Inmediatamente después de la aflicción de aquellos días, el sol se oscurecerá, la luna no dará su luz, las estrellas caerán del cielo y las fuerzas de los cielos serán sacudidas."
"unit:3232","101","EXACT_TEXT_REPEAT","Habrá señales en el sol, la luna y las estrellas, y en la tierra angustia de las naciones, desconcertadas por el estruendo y el oleaje del mar."
"unit:3233","101","EXACT_TEXT_REPEAT","Inmediatamente después de la aflicción de aquellos días, el sol se oscurecerá, la luna no dará su luz, las estrellas caerán del cielo y las fuerzas de los cielos serán sacudidas."
"unit:3234","101","EXACT_TEXT_REPEAT","Habrá señales en el sol, la luna y las estrellas, y en la tierra angustia de las naciones, desconcertadas por el estruendo y el oleaje del mar."
"unit:3235","101","","Las personas desfallecerán de miedo y por la expectativa de lo que vendrá sobre el mundo, porque las fuerzas de los cielos serán sacudidas."
"unit:3236","101","EXACT_TEXT_REPEAT","Inmediatamente después de la aflicción de aquellos días, el sol se oscurecerá, la luna no dará su luz, las estrellas caerán del cielo y las fuerzas de los cielos serán sacudidas."
"unit:3237","101","EXACT_TEXT_REPEAT","Entonces aparecerá en el cielo la señal del Hijo del Hombre; todas las tribus de la tierra se lamentarán y verán al Hijo del Hombre viniendo sobre las nubes del cielo con poder y gran gloria."
"unit:3238","101","EXACT_TEXT_REPEAT","Entonces aparecerá en el cielo la señal del Hijo del Hombre; todas las tribus de la tierra se lamentarán y verán al Hijo del Hombre viniendo sobre las nubes del cielo con poder y gran gloria."
"unit:3239","101","EXACT_TEXT_REPEAT","Entonces aparecerá en el cielo la señal del Hijo del Hombre; todas las tribus de la tierra se lamentarán y verán al Hijo del Hombre viniendo sobre las nubes del cielo con poder y gran gloria."
"unit:3240","101","","Y enviará a sus ángeles con una gran trompeta, y reunirán a sus escogidos de los cuatro vientos, desde un extremo de los cielos hasta el otro."
"unit:3241","101","","Cuando estas cosas comiencen a suceder, pónganse de pie y levanten la cabeza, porque su redención se acerca»."
"unit:3242","101","","También les contó una parábola: «Miren la higuera y todos los árboles."
"unit:3243","101","EXACT_TEXT_REPEAT","Aprendan de la higuera esta parábola: cuando su rama se pone tierna y brotan las hojas, saben que el verano está cerca."
"unit:3244","101","EXACT_TEXT_REPEAT","Aprendan de la higuera esta parábola: cuando su rama se pone tierna y brotan las hojas, saben que el verano está cerca."
"unit:3245","101","","Cuando ya brotan, ustedes mismos, al verlo, saben que el verano está cerca."
"unit:3246","101","EXACT_TEXT_REPEAT","Aprendan de la higuera esta parábola: cuando su rama se pone tierna y brotan las hojas, saben que el verano está cerca."
"unit:3247","101","","Así también ustedes, cuando vean todas estas cosas, sepan que está cerca, a las puertas."
"unit:3248","101","","Les aseguro que esta generación no pasará hasta que sucedan todas estas cosas."
"unit:3249","101","","El cielo y la tierra pasarán, pero mis palabras no pasarán."
"unit:3250","101","","Pero acerca de aquel día y aquella hora nadie sabe, ni los ángeles de los cielos ni el Hijo, sino sólo el Padre."
"unit:3251","101","","Porque como fueron los días de Noé, así será la venida del Hijo del Hombre."
"unit:3252","101","","Porque en los días anteriores al diluvio comían y bebían, se casaban y daban en matrimonio, hasta el día en que Noé entró en el arca; y no comprendieron hasta que vino el diluvio y se llevó a todos. Así será también la venida del Hijo del Hombre."
"unit:3253","101","","Entonces habrá dos en el campo: uno será tomado y el otro será dejado; dos mujeres estarán moliendo: una será tomada y la otra será dejada."
"unit:3254","101","","Estén atentos y manténganse despiertos, porque no saben cuándo llegará el momento."
"unit:3255","101","","Cuídense de que sus corazones no se carguen con excesos, embriaguez y preocupaciones de esta vida, y aquel día llegue de repente sobre ustedes"
"unit:3256","101","","como una trampa, porque vendrá sobre todos los que habitan sobre la faz de toda la tierra."
"unit:3257","101","","Manténganse despiertos en todo tiempo, orando para que tengan fuerzas para escapar de todas estas cosas que están por suceder y para presentarse delante del Hijo del Hombre."
"unit:3258","101","","Es como un hombre que se fue de viaje, dejó su casa, dio autoridad a sus siervos, a cada uno su tarea, y ordenó al portero que se mantuviera despierto."
"unit:3259","101","","Por tanto, manténganse despiertos, porque no saben qué día viene su Señor."
"unit:3260","101","","Manténganse despiertos, porque no saben cuándo viene el dueño de la casa: si al atardecer, a medianoche, al canto del gallo o por la mañana."
"unit:3261","101","","No sea que venga de repente y los encuentre dormidos."
"unit:3262","101","","Lo que les digo a ustedes, se lo digo a todos: manténganse despiertos»."
"unit:3263","101","","Pero entiendan esto: si el dueño de casa supiera a qué hora de la noche viene el ladrón, se mantendría despierto y no dejaría que entraran en su casa."
"unit:3264","101","","Por eso, también ustedes estén preparados, porque el Hijo del Hombre vendrá a la hora que menos esperan."
"unit:3265","101","","¿Quién es, entonces, el siervo fiel y prudente a quien su señor puso a cargo de los de su casa para darles alimento a su debido tiempo?"
"unit:3266","101","","Dichoso aquel siervo a quien su señor, cuando llegue, encuentre haciendo así."
"unit:3267","101","","Les aseguro que lo pondrá a cargo de todos sus bienes."
"unit:3268","101","","Pero si aquel siervo malo dice en su corazón: “Mi señor tarda”,"
"unit:3269","101","","y comienza a golpear a sus compañeros, y a comer y beber con los que se emborrachan,"
"unit:3270","101","","el señor de aquel siervo llegará un día que él no espera y a una hora que no conoce."
"unit:3271","101","","Lo castigará severamente y le asignará un lugar con los hipócritas. Allí habrá llanto y rechinar de dientes."
"unit:3272","101","","Entonces el reino de los cielos será semejante a diez jóvenes que tomaron sus lámparas y salieron a recibir al novio."
"unit:3273","101","","Cinco de ellas eran insensatas y cinco prudentes."
"unit:3274","101","","Las insensatas tomaron sus lámparas, pero no llevaron aceite consigo."
"unit:3275","101","","En cambio, las prudentes llevaron aceite en recipientes junto con sus lámparas."
"unit:3276","101","","Como el novio tardaba, todas tuvieron sueño y se durmieron."
"unit:3277","101","","A medianoche se oyó un grito: “¡Aquí viene el novio! Salgan a recibirlo”."
"unit:3278","101","","Entonces todas aquellas jóvenes se levantaron y prepararon sus lámparas."
"unit:3279","101","","Las insensatas dijeron a las prudentes: “Dennos un poco de su aceite, porque nuestras lámparas se están apagando”."
"unit:3280","101","","Pero las prudentes respondieron: “Quizá no alcance para nosotras y para ustedes. Vayan mejor a los vendedores y compren para ustedes mismas”."
"unit:3281","101","","Mientras ellas iban a comprar, llegó el novio. Las que estaban preparadas entraron con él a la fiesta de bodas, y la puerta se cerró."
"unit:3282","101","","Después llegaron también las otras jóvenes y dijeron: “¡Señor, señor, ábrenos!”."
"unit:3283","101","","Pero él respondió: “Les aseguro que no las conozco”."
"unit:3284","101","","Por tanto, manténganse despiertos, porque no saben el día ni la hora."
"unit:3285","101","","Es como un hombre que, al irse de viaje, llamó a sus propios siervos y les confió sus bienes."
"unit:3286","101","","A uno le dio cinco talentos, a otro dos y a otro uno, a cada cual según su capacidad; y se fue de viaje. Inmediatamente,"
"unit:3287","101","","el que había recibido cinco talentos fue, negoció con ellos y ganó otros cinco."
"unit:3288","101","","De la misma manera, el que había recibido dos ganó otros dos."
"unit:3289","101","","Pero el que había recibido uno fue, cavó un hoyo en la tierra y escondió el dinero de su señor."
"unit:3290","101","","Después de mucho tiempo regresó el señor de aquellos siervos y ajustó cuentas con ellos."
"unit:3291","101","","Se acercó el que había recibido cinco talentos, presentó otros cinco y dijo: “Señor, me entregaste cinco talentos; mira, he ganado otros cinco”."
"unit:3292","101","EXACT_TEXT_REPEAT","Su señor le dijo: “¡Muy bien, siervo bueno y fiel! Fuiste fiel en poco; te pondré a cargo de mucho. Entra en la alegría de tu señor”."
"unit:3293","101","","Se acercó también el que había recibido dos talentos y dijo: “Señor, me entregaste dos talentos; mira, he ganado otros dos”."
"unit:3294","101","EXACT_TEXT_REPEAT","Su señor le dijo: “¡Muy bien, siervo bueno y fiel! Fuiste fiel en poco; te pondré a cargo de mucho. Entra en la alegría de tu señor”."
"unit:3295","101","","Entonces se acercó también el que había recibido un talento y dijo: “Señor, sabía que eres un hombre duro, que cosechas donde no sembraste y recoges donde no esparciste."
"unit:3296","101","","Así que tuve miedo, fui y escondí tu talento en la tierra. Aquí tienes lo que es tuyo”."
"unit:3297","101","","Su señor le respondió: “Siervo malo y perezoso. ¿Sabías que cosecho donde no sembré y recojo donde no esparcí?"
"unit:3298","101","","Entonces debías haber puesto mi dinero en el banco, y al volver yo habría recibido lo mío con intereses."
"unit:3299","101","","Por tanto, quítenle el talento y dénselo al que tiene diez talentos."
"unit:3300","101","","Porque a todo el que tiene se le dará y tendrá en abundancia; pero al que no tiene, aun lo que tiene se le quitará."
"unit:3301","101","","Y al siervo inútil arrójenlo afuera, a la oscuridad. Allí habrá llanto y rechinar de dientes”."
"unit:3302","101","","Cuando el Hijo del Hombre venga en su gloria y todos los ángeles con él, entonces se sentará en su trono de gloria."
"unit:3303","101","","Todas las naciones serán reunidas delante de él, y separará a unos de otros, como el pastor separa las ovejas de los cabritos."
"unit:3304","101","","Pondrá las ovejas a su derecha y los cabritos a su izquierda."
"unit:3305","101","","Entonces el Rey dirá a los de su derecha: “Vengan, benditos de mi Padre; hereden el reino preparado para ustedes desde la creación del mundo."
"unit:3306","101","","Porque tuve hambre y me dieron de comer; tuve sed y me dieron de beber; fui extranjero y me recibieron;"
"unit:3307","101","","estuve desnudo y me vistieron; estuve enfermo y me visitaron; estuve en prisión y vinieron a verme”."
"unit:3308","101","","Entonces los justos le responderán: “Señor, ¿cuándo te vimos con hambre y te alimentamos, o con sed y te dimos de beber?"
"unit:3309","101","","¿Cuándo te vimos extranjero y te recibimos, o desnudo y te vestimos?"
"unit:3310","101","","¿Cuándo te vimos enfermo o en prisión y fuimos a verte?”."
"unit:3311","101","","El Rey les responderá: “Les aseguro que todo lo que hicieron por uno de estos hermanos míos más pequeños, por mí lo hicieron”."
"unit:3312","101","","Entonces dirá también a los de su izquierda: “Apártense de mí, malditos, al fuego eterno preparado para el diablo y sus ángeles."
"unit:3313","101","","Porque tuve hambre y no me dieron de comer; tuve sed y no me dieron de beber;"
"unit:3314","101","","fui extranjero y no me recibieron; estuve desnudo y no me vistieron; enfermo y en prisión, y no me visitaron”."
"unit:3315","101","","Entonces ellos también responderán: “Señor, ¿cuándo te vimos con hambre, sed, como extranjero, desnudo, enfermo o en prisión, y no te servimos?”."
"unit:3316","101","","Él les responderá: “Les aseguro que todo lo que no hicieron por uno de estos más pequeños, tampoco por mí lo hicieron”."
"unit:3317","101","","Y éstos irán al castigo eterno, pero los justos a la vida eterna»."
"unit:3318","101","","Durante el día Jesús enseñaba en el templo, y por las noches salía y se quedaba en el monte llamado de los Olivos."
"unit:3319","101","","Y todo el pueblo acudía temprano al templo para escucharlo."
"unit:3320","102","","Cuando Jesús terminó de decir todas estas cosas, dijo a sus discípulos:"
"unit:3321","102","","«Ustedes saben que dentro de dos días se celebra la Pascua, y el Hijo del Hombre será entregado para ser crucificado»."
"unit:3322","102","","Faltaban dos días para la Pascua y la fiesta de los Panes sin Levadura. Los principales sacerdotes y los escribas buscaban cómo arrestarlo mediante engaño y matarlo."
"unit:3323","102","","Entonces los principales sacerdotes y los ancianos del pueblo se reunieron en el patio del sumo sacerdote, llamado Caifás,"
"unit:3324","102","","y conspiraron para arrestar a Jesús mediante engaño y matarlo."
"unit:3325","102","","Pero decían: «No durante la fiesta, para que no se produzca un disturbio entre el pueblo»."
"unit:3326","102","","Los principales sacerdotes y los escribas buscaban cómo eliminarlo, porque temían al pueblo."
"unit:3327","102","","Entonces Satanás entró en Judas, llamado Iscariote, que era uno de los doce."
"unit:3328","102","","Judas fue y habló con los principales sacerdotes y los jefes de la guardia acerca de cómo entregárselo."
"unit:3329","102","","Judas Iscariote, uno de los doce, fue a los principales sacerdotes para entregarles a Jesús."
"unit:3330","102","EXACT_TEXT_REPEAT","Y dijo: «¿Qué están dispuestos a darme si se lo entrego?». Ellos acordaron darle treinta piezas de plata."
"unit:3331","102","","Al oírlo, se alegraron y prometieron darle dinero. Y él buscaba una oportunidad adecuada para entregarlo."
"unit:3332","102","EXACT_TEXT_REPEAT","Y dijo: «¿Qué están dispuestos a darme si se lo entrego?». Ellos acordaron darle treinta piezas de plata."
"unit:3333","102","EXACT_TEXT_REPEAT","Él aceptó y buscaba una oportunidad para entregárselo sin que estuviera presente la multitud."
"unit:3334","102","","Desde entonces buscaba una oportunidad para entregarlo."
"unit:3335","102","EXACT_TEXT_REPEAT","Él aceptó y buscaba una oportunidad para entregárselo sin que estuviera presente la multitud."
"unit:3336","102","","El primer día de los Panes sin Levadura, cuando sacrificaban el cordero de la Pascua, sus discípulos le preguntaron: «¿Dónde quieres que vayamos a preparar todo para que comas la Pascua?»"
"unit:3337","102","EXACT_TEXT_REPEAT","El primer día de los Panes sin Levadura, los discípulos se acercaron a Jesús y le preguntaron: «¿Dónde quieres que preparemos para ti la comida de la Pascua?»"
"unit:3338","102","","Entonces envió a Pedro y a Juan diciendo: «Vayan y preparen la Pascua para que comamos»."
"unit:3339","102","EXACT_TEXT_REPEAT","El primer día de los Panes sin Levadura, los discípulos se acercaron a Jesús y le preguntaron: «¿Dónde quieres que preparemos para ti la comida de la Pascua?»"
"unit:3340","102","EXACT_TEXT_REPEAT","Envió a dos de sus discípulos y les dijo: «Vayan a la ciudad. Allí se encontrarán con un hombre que lleva un cántaro de agua; síganlo."
"unit:3341","102","EXACT_TEXT_REPEAT","Él les dijo: «Vayan a la ciudad, a casa de cierta persona, y díganle: “El Maestro dice: Mi tiempo está cerca; celebraré la Pascua en tu casa con mis discípulos”»."
"unit:3342","102","EXACT_TEXT_REPEAT","Envió a dos de sus discípulos y les dijo: «Vayan a la ciudad. Allí se encontrarán con un hombre que lleva un cántaro de agua; síganlo."
"unit:3343","102","EXACT_TEXT_REPEAT","Y donde entre, digan al dueño de la casa: “El Maestro pregunta: ¿Dónde está mi habitación, donde comeré la Pascua con mis discípulos?”"
"unit:3344","102","","Y dirán al dueño de la casa: “El Maestro te pregunta: ¿Dónde está la habitación donde comeré la Pascua con mis discípulos?”"
"unit:3345","102","EXACT_TEXT_REPEAT","Él les dijo: «Vayan a la ciudad, a casa de cierta persona, y díganle: “El Maestro dice: Mi tiempo está cerca; celebraré la Pascua en tu casa con mis discípulos”»."
"unit:3346","102","EXACT_TEXT_REPEAT","Y donde entre, digan al dueño de la casa: “El Maestro pregunta: ¿Dónde está mi habitación, donde comeré la Pascua con mis discípulos?”"
"unit:3347","102","","Él les mostrará una gran sala en el piso de arriba, amueblada y preparada; allí preparen para nosotros»."
"unit:3348","102","EXACT_TEXT_REPEAT","Los discípulos salieron, llegaron a la ciudad, encontraron todo tal como él les había dicho y prepararon la Pascua."
"unit:3349","102","EXACT_TEXT_REPEAT","Los discípulos hicieron como Jesús les había ordenado y prepararon la Pascua."
"unit:3350","102","EXACT_TEXT_REPEAT","Los discípulos salieron, llegaron a la ciudad, encontraron todo tal como él les había dicho y prepararon la Pascua."
"unit:3351","102","EXACT_TEXT_REPEAT","Los discípulos hicieron como Jesús les había ordenado y prepararon la Pascua."
"unit:3352","103","","Antes de la fiesta de la Pascua, Jesús sabía que había llegado su hora de pasar de este mundo al Padre. Habiendo amado a los suyos que estaban en el mundo, los amó hasta el fin."
"unit:3353","103","","Al caer la tarde, se sentó a la mesa con los doce discípulos."
"unit:3354","103","","Y les dijo: «He deseado intensamente comer esta Pascua con ustedes antes de padecer; porque les digo que no volveré a comerla hasta que se cumpla en el reino de Dios»."
"unit:3355","103","","Tomó una copa, dio gracias y dijo: «Tomen esto y repártanlo entre ustedes; porque les digo que desde ahora no beberé del fruto de la vid hasta que venga el reino de Dios»."
"unit:3356","103","","También surgió entre ellos una discusión acerca de cuál de ellos parecía ser el mayor."
"unit:3357","103","","Él les dijo: «Los reyes de las naciones se enseñorean de ellas, y quienes ejercen autoridad sobre ellas son llamados benefactores. Pero entre ustedes no será así; al contrario, el mayor entre ustedes sea como el menor, y el que dirige, como el que sirve. Porque, ¿quién es mayor: el que está a la mesa o el que sirve? ¿No es el que está a la mesa? Sin embargo, yo estoy entre ustedes como el que sirve. Ustedes son los que han permanecido conmigo en mis pruebas. Y yo les concedo un reino, así como mi Padre me lo concedió a mí, para que coman y beban a mi mesa en mi reino y se sienten en tronos para juzgar a las doce tribus de Israel»."
"unit:3358","103","","Mientras cenaban, cuando el diablo ya había puesto en el corazón de Judas, hijo de Simón Iscariote, que lo entregara, Jesús, sabiendo que el Padre había puesto todas las cosas en sus manos y que había venido de Dios y volvía a Dios, se levantó de la cena, se quitó el manto y, tomando una toalla, se la ató a la cintura."
"unit:3359","103","","Luego puso agua en una vasija y comenzó a lavar los pies de los discípulos y a secarlos con la toalla que tenía atada."
"unit:3360","103","","Llegó entonces a Simón Pedro, quien le dijo: «Señor, ¿tú me vas a lavar los pies?»"
"unit:3361","103","","Jesús le respondió: «Lo que yo hago, tú no lo entiendes ahora, pero lo comprenderás después»."
"unit:3362","103","","Pedro le dijo: «¡Jamás me lavarás los pies!»"
"unit:3363","103","","Jesús le respondió: «Si no te lavo, no tienes parte conmigo»."
"unit:3364","103","","Simón Pedro le dijo: «Señor, entonces no sólo los pies, sino también las manos y la cabeza»."
"unit:3365","103","","Jesús le dijo: «El que se ha bañado no necesita lavarse más que los pies; está completamente limpio. Y ustedes están limpios, aunque no todos»."
"unit:3366","103","","Porque sabía quién lo iba a entregar; por eso dijo: «No todos están limpios»."
"unit:3367","103","","Después de lavarles los pies, volvió a ponerse el manto, se sentó otra vez y les dijo: «¿Entienden lo que he hecho con ustedes? Ustedes me llaman Maestro y Señor, y dicen bien, porque lo soy. Pues si yo, el Señor y el Maestro, les lavé los pies, también ustedes deben lavarse los pies unos a otros. Les he dado ejemplo para que hagan como yo he hecho con ustedes. Les aseguro que el siervo no es mayor que su señor, ni el enviado mayor que quien lo envió. Si saben estas cosas, serán dichosos si las practican. No hablo de todos ustedes; yo sé a quiénes escogí. Pero esto sucede para que se cumpla la Escritura: “El que come mi pan levantó contra mí su talón”. Se lo digo desde ahora, antes de que suceda, para que cuando suceda crean que yo soy. Les aseguro que quien recibe a cualquiera que yo envíe me recibe a mí; y quien me recibe a mí recibe al que me envió»."
"unit:3368","103","","Mientras estaban a la mesa comiendo, Jesús dijo: «Les aseguro que uno de ustedes, uno que come conmigo, me entregará»."
"unit:3369","103","","«Miren, la mano del que me entrega está conmigo sobre la mesa."
"unit:3370","103","","Entonces comenzaron a discutir entre ellos quién de ellos sería el que iba a hacer esto."
"unit:3371","103","","Muy entristecidos, comenzaron a preguntarle uno por uno: «¿Acaso soy yo, Señor?»"
"unit:3372","103","","Él respondió: «El que mete conmigo la mano en el plato, ése me entregará. El Hijo del Hombre se va, tal como está escrito acerca de él; pero ¡ay de aquel por medio de quien el Hijo del Hombre es entregado! Más le valdría a ese hombre no haber nacido»."
"unit:3373","103","","Uno de sus discípulos, a quien Jesús amaba, estaba recostado junto a Jesús."
"unit:3374","103","","Simón Pedro le hizo señas para que preguntara quién era aquel de quien hablaba."
"unit:3375","103","","Entonces él, recostándose sobre el pecho de Jesús, le preguntó: «Señor, ¿quién es?»"
"unit:3376","103","","Jesús respondió: «Es aquel a quien yo le dé el pedazo de pan después de mojarlo»."
"unit:3377","103","","Judas, el que lo entregaba, respondió: «¿Acaso soy yo, Rabí?». Jesús le dijo: «Tú lo has dicho»."
"unit:3378","103","","Entonces, después de mojar el pedazo de pan, se lo dio a Judas, hijo de Simón Iscariote."
"unit:3379","103","","Y después del pedazo de pan, Satanás entró en él."
"unit:3380","103","","Entonces Jesús le dijo: «Lo que vas a hacer, hazlo pronto»."
"unit:3381","103","","Ninguno de los que estaban a la mesa entendió por qué le dijo esto."
"unit:3382","103","","Algunos pensaban que, como Judas tenía la bolsa del dinero, Jesús le decía: «Compra lo que necesitamos para la fiesta», o que diera algo a los pobres."
"unit:3383","103","","Después de recibir el pedazo de pan, Judas salió inmediatamente. Era de noche."
"unit:3384","103","","Mientras comían, Jesús tomó pan, dio gracias, lo partió, se lo dio a los discípulos y dijo: «Tomen y coman; esto es mi cuerpo»."
"unit:3385","103","","Luego tomó una copa, dio gracias y se la dio diciendo: «Beban de ella todos,"
"unit:3386","103","","porque esto es mi sangre del pacto, que es derramada por muchos para perdón de los pecados."
"unit:3387","103","","Les digo que desde ahora no volveré a beber de este fruto de la vid hasta aquel día en que lo beba nuevo con ustedes en el reino de mi Padre»."
"unit:3388","103","","Después de cantar un himno, salieron hacia el monte de los Olivos."
"unit:3389","104","EXACT_TEXT_REPEAT","Cuando Judas salió, Jesús dijo: «Ahora ha sido glorificado el Hijo del Hombre, y Dios ha sido glorificado en él."
"unit:3390","104","EXACT_TEXT_REPEAT","Cuando Judas salió, Jesús dijo: «Ahora ha sido glorificado el Hijo del Hombre, y Dios ha sido glorificado en él."
"unit:3391","104","","Si Dios ha sido glorificado en él, Dios también lo glorificará en sí mismo, y lo glorificará inmediatamente."
"unit:3392","104","","Hijitos, todavía estaré con ustedes un poco de tiempo. Me buscarán, y así como dije a los judíos: “Adonde yo voy, ustedes no pueden ir”, ahora también se lo digo a ustedes."
"unit:3393","104","","Les doy un mandamiento nuevo: que se amen unos a otros. Así como yo los amé, ámense también ustedes unos a otros."
"unit:3394","104","","En esto todos conocerán que son mis discípulos: si tienen amor unos por otros»."
"unit:3395","104","EXACT_TEXT_REPEAT","Entonces Jesús les dijo: «Todos ustedes tropezarán por causa de mí esta noche, porque está escrito: “Heriré al pastor, y las ovejas del rebaño serán dispersadas”."
"unit:3396","104","EXACT_TEXT_REPEAT","Entonces Jesús les dijo: «Todos ustedes tropezarán por causa de mí esta noche, porque está escrito: “Heriré al pastor, y las ovejas del rebaño serán dispersadas”."
"unit:3397","104","","Pero después de que yo resucite, iré delante de ustedes a Galilea»."
"unit:3398","104","EXACT_TEXT_REPEAT","Simón Pedro le dijo: «Señor, ¿adónde vas?». Jesús respondió: «Adonde yo voy no puedes seguirme ahora, pero me seguirás después»."
"unit:3399","104","EXACT_TEXT_REPEAT","Simón Pedro le dijo: «Señor, ¿adónde vas?». Jesús respondió: «Adonde yo voy no puedes seguirme ahora, pero me seguirás después»."
"unit:3400","104","EXACT_TEXT_REPEAT","«Simón, Simón, mira, Satanás ha pedido tenerlos a ustedes para zarandearlos como trigo;"
"unit:3401","104","EXACT_TEXT_REPEAT","«Simón, Simón, mira, Satanás ha pedido tenerlos a ustedes para zarandearlos como trigo;"
"unit:3402","104","","pero yo he orado por ti para que tu fe no falle. Y tú, cuando vuelvas, fortalece a tus hermanos»."
"unit:3403","104","EXACT_TEXT_REPEAT","Pedro le respondió: «Aunque todos tropiecen por causa de ti, yo jamás tropezaré»."
"unit:3404","104","EXACT_TEXT_REPEAT","Pedro le dijo: «Señor, ¿por qué no puedo seguirte ahora? Daré mi vida por ti»."
"unit:3405","104","EXACT_TEXT_REPEAT","Pedro le respondió: «Aunque todos tropiecen por causa de ti, yo jamás tropezaré»."
"unit:3406","104","EXACT_TEXT_REPEAT","Pedro le dijo: «Señor, ¿por qué no puedo seguirte ahora? Daré mi vida por ti»."
"unit:3407","104","","Él le dijo: «Señor, estoy dispuesto a ir contigo tanto a la cárcel como a la muerte»."
"unit:3408","104","EXACT_TEXT_REPEAT","Jesús respondió: «¿Darás tu vida por mí? Te aseguro que el gallo no cantará hasta que me hayas negado tres veces."
"unit:3409","104","EXACT_TEXT_REPEAT","Jesús respondió: «¿Darás tu vida por mí? Te aseguro que el gallo no cantará hasta que me hayas negado tres veces."
"unit:3410","104","EXACT_TEXT_REPEAT","Él dijo: «Te digo, Pedro, que hoy no cantará el gallo hasta que tres veces hayas negado conocerme»."
"unit:3411","104","EXACT_TEXT_REPEAT","Jesús le dijo: «Te aseguro que esta misma noche, antes de que cante el gallo, me negarás tres veces»."
"unit:3412","104","","Jesús le dijo: «Te aseguro que tú, hoy, esta misma noche, antes de que el gallo cante dos veces, me negarás tres veces»."
"unit:3413","104","EXACT_TEXT_REPEAT","Jesús le dijo: «Te aseguro que esta misma noche, antes de que cante el gallo, me negarás tres veces»."
"unit:3414","104","EXACT_TEXT_REPEAT","Él dijo: «Te digo, Pedro, que hoy no cantará el gallo hasta que tres veces hayas negado conocerme»."
"unit:3415","104","","Pero Pedro insistía con mucha vehemencia: «Aunque tenga que morir contigo, jamás te negaré». Y todos decían lo mismo."
"unit:3416","104","EXACT_TEXT_REPEAT","Pedro le dijo: «Aunque tenga que morir contigo, jamás te negaré». Y todos los discípulos dijeron lo mismo."
"unit:3417","104","EXACT_TEXT_REPEAT","Pedro le dijo: «Aunque tenga que morir contigo, jamás te negaré». Y todos los discípulos dijeron lo mismo."
"unit:3418","104","EXACT_TEXT_REPEAT","También les dijo: «Cuando los envié sin bolsa, sin alforja y sin sandalias, ¿les faltó algo?». Ellos respondieron: «Nada»."
"unit:3419","104","EXACT_TEXT_REPEAT","También les dijo: «Cuando los envié sin bolsa, sin alforja y sin sandalias, ¿les faltó algo?». Ellos respondieron: «Nada»."
"unit:3420","104","","Entonces les dijo: «Pero ahora, el que tenga bolsa, que la lleve; lo mismo la alforja. Y el que no tenga espada, que venda su manto y compre una."
"unit:3421","104","","Porque les digo que es necesario que se cumpla en mí esto que está escrito: “Y fue contado entre los transgresores”; porque lo que se refiere a mí llega a su cumplimiento»."
"unit:3422","104","EXACT_TEXT_REPEAT","Ellos dijeron: «Señor, mira, aquí hay dos espadas». Él les respondió: «Es suficiente»."
"unit:3423","104","EXACT_TEXT_REPEAT","Ellos dijeron: «Señor, mira, aquí hay dos espadas». Él les respondió: «Es suficiente»."